course_tags,N Rows
3d-modeling,484
3d-rendering,394
3d-texturing,347
3d-animation,307
creative-pipeline,290
compositing,245
illustration,222
3d-sculpting,212
network-infrastructure,182
digital-painting,180
server-infrastructure,179
graphic-design,170
3d-rigging,167
3d-lighting,163
3d-dynamics,158
image-editing,153
information-security,145
virtualization,142
motion-graphics,139
game-art,116
cloud-computing,115
,112
messaging-collaboration,105
part-modeling,104
game-design,102
endpoint-management,97
operating-systems,95
architecture-modeling,94
javascript,88
visualization-rendering,85
assembly-modeling,79
drafting-drawings,79
game-programming,79
productivity-apps,76
angular,73
microsoft-office,65
office,65
automation,64
penetration-testing,61
trainsimple,60
sharepoint,59
character-sculpting,58
project-management,56
responsive-design,53
visual-design,52
game-modeling,51
character-animation,48
video-editing,48
matchmoving,47
database-administration,45
2d-animation,43
character-modeling,42
bim,41
it-fundamentals,40
scripting,40
3d-scripting,38
configuration-management,36
developer-tools,36
devops,36
network-security,36
nodejs,33
java,32
microsoft-azure,31
windows-azure,31
3d-uv-mapping,30
c#,30
csharp,30
performance-optimization,30
soft-skills,30
android,29
data-analysis,29
user-centered-design,29
html5,28
secure-coding,28
application-management,27
hard-surface-modeling,27
parametric-modeling,27
environment-modeling,26
architecture,25
cloud-services,25
design-patterns,25
communication,24
goengineer,24
storage,24
asp.net,23
aspdotnet,23
big-data,23
interactive-design,23
javascript-libraries,23
photography,23
career,22
careers,22
data-visualization,22
game-texturing,22
ios,22
tdd,22
test-driven-development,22
4d-bim,21
5d-bim,21
business-intelligence,21
hardware,21
solidbox,21
automotive-design,20
cloud-platforms,20
photoshop,20
software-practices,20
application-frameworks,19
construction-documentation,19
excel,19
front-end-web-development,19
jquery,19
php,19
project-documentation,19
security,19
ui-design,19
unit-testing,19
art-and-design,18
distributed-systems,18
machine-learning,18
mobile-design,18
programming-languages,18
ruby,18
salesforce,18
sql-server,18
css,17
testing,17
web-design,17
asp.net-core,16
c++,16
containers,16
cplusplus,16
cpp,16
data-analytics,16
disaster-recovery,16
environment-lighting,16
javascript-frameworks,16
performance,16
vfx-scripting,16
async,15
audio,15
cms,15
data-science,15
management,15
react.js,15
t-sql,15
ux-design,15
ux-design2,15
vfx,15
windows-communication-foundation,15
wpf,15
back-end-web-development,14
desktop-publishing,14
functional-programming,14
golang,14
python,14
troubleshooting,14
web-frameworks,14
design-for-manufacturing,13
digital-forensics,13
high-availability,13
professional-development,13
ruby-on-rails,13
surface-modeling,13
typescript,13
xamarin,13
.net,12
agile,12
animation,12
aws,12
building-information-modeling,12
data-warehousing,12
dotnet,12
fea-simulation,12
hard-surface-sculpting,12
productivity,12
social-media,12
wordpress,12
3d-printing,11
3d-visualization,11
beginner-programming,11
f#,11
fsharp,11
f-sharp,11
iaas,11
leadership,11
postgresql,11
sap,11
swift,11
windows-8-development,11
access,10
api-design,10
cloud-infrastructure,10
data-storage,10
design-and-art,10
it-governance,10
mobile-device-management,10
mvc,10
risk,10
risk-management,10
security-assessment,10
authentication,9
business-analysis,9
drupal,9
html,9
marketing,9
messaging-and-collaboration,9
object-oriented-programming,9
office-365,9
orm,9
security-auditing,9
web,9
consumer-products,8
css3,8
database-design,8
debugging,8
documentation,8
git,8
hadoop,8
knockout,8
mobile,8
mobile-application-development,8
networking,8
powerpoint,8
rest,8
video-production,8
virtual-reality,8
xml,8
asp.net-mvc,7
aspdotnet-mvc,7
BIM,7
bootstrap,7
cam,7
color-grading,7
comptia-a+,7
creative-cloud,7
data-structures,7
designer-productivity,7
http,7
incident-response,7
it-automation,7
portfolio-program-and-project-management,7
print-design,7
prism,7
PTES,7
querying,7
requirements-gathering,7
security-operations,7
sprig,7
spring,7
visio,7
visual-studio,7
visual-studio-2013,7
word,7
xaml,7
.net-debugging,6
algorithms,6
authorization,6
automated-testing,6
biztalk,6
character-design,6
continuous-integration,6
cross-platform,6
data,6
deployment,6
entity-framework,6
facebook,6
linq,6
multi-body,6
object-oriented-design,6
refactoring,6
security-administration,6
soa,6
spa,6
windows-workflow,6
accessibility,5
azure,5
backbone.js,5
backbonedotjs,5
cloud-services-and-app-platforms,5
concurrency,5
cryptography,5
database-development,5
data-modeling,5
digital-publishing,5
ef,5
es6,5
laravel,5
linux,5
logging,5
management-and-monitoring,5
microsoft-dynamics,5
oracle-database,5
reporting,5
retouching,5
scalability,5
scrum,5
search,5
silverlight,5
software-engineering,5
structural-design,5
tfs,5
tfs-2010,5
visual-studio-2010,5
windows-10,5
abap,4
ajax,4
animation-fundamentals,4
augmented-reality,4
caching,4
cad-documentation,4
cad-drafting,4
cad-modeling,4
career-path,4
casted-parts,4
clr,4
code-generation,4
color-correction,4
customer-service,4
ddd,4
digital-audio,4
django,4
docker,4
domain-driven-design,4
dynamics-crm,4
enterprise-architecture,4
free-form,4
general-programming,4
identity,4
json,4
ketiv,4
mapreduce,4
microservices,4
mobile-applications,4
mobile-web-sites,4
mvc3,4
mysql,4
nosql,4
objective-c,4
object-relational-mapping,4
outlook,4
perl,4
pl-sql,4
relational-databases,4
restful-api,4
rtc,4
scala,4
software-development-process,4
sql,4
svg,4
swing,4
tfs-2012,4
times,4
typography,4
ui,4
vb,4
vb.net,4
visual-basic,4
visual-studio-2012,4
visual-studio-team-system,4
web-components,4
web-graphics,4
web-mapping,4
windows-phone,4
winrt,4
analytics,3
aop,3
api,3
apple-watch,3
architect-registration-exam,3
architecture-licensing,3
azure-websites,3
breeze,3
business-process-management,3
civil-engineering,3
clojure,3
code-first,3
compliance,3
concept-design,3
continuous-delivery,3
crm,3
dashboards,3
data-management,3
dates,3
electronics,3
elixir,3
ethical-hacking,3
firebase,3
full-stack,3
game-development,3
generic-programming,3
geolocation,3
github,3
hg,3
hive,3
identity-management,3
image-processing,3
information-architecture,3
integration-testing,3
ionic,3
ios9,3
jira,3
jpa,3
jvm,3
kanban,3
kendo-ui,3
layout,3
mainframe,3
mechanical,3
mercurial,3
messaging,3
model-view-viewmodel,3
mongodb,3
msil,3
multi-threading,3
odata,3
payments,3
photo-video,3
qt-framework,3
rabbitmq,3
reactive,3
resumes,3
sass,3
security-management,3
signalr,3
specflow,3
spring-boot,3
sql-server-2016,3
streaming,3
structural-modeling,3
text,3
uml,3
universal-windows-platform,3
vba,3
version-control,3
visual-studio-2015,3
website-security,3
windows,3
windows-embedded,3
xcode,3
.net-core,2
actionscript,2
adfs,2
ado.net,2
adodotnet,2
akka.net,2
android-studio,2
aurelia,2
azure-service-bus,2
azure-sql,2
azure-storage,2
backend-web-development,2
behavior-driven-development,2
blogging,2
build-automation,2
c,2
cad-,2
cad-visualization,2
chrome-developer-tools,2
coffeescript,2
collections,2
com,2
comptia-linux+,2
comptia-network+,2
computer-science,2
concept-art,2
construction-modeling,2
core-data,2
craft,2
d3.js,2
d3-js,2
data-access,2
database-delivery,2
database-developer-tools,2
dependency-injection,2
dependency-management,2
design-optimization,2
direct2d,2
dojo,2
dotnetnuke,2
durandal,2
dynamic-programming,2
eclipse-ide,2
electron,2
embedded-systems,2
ember.js,2
ember-js,2
encog,2
engineering,2
erp,2
express.js,2
flux,2
flyway,2
ghost,2
google-play,2
gradle,2
grunt.js,2
haskell,2
hololens,2
iis,2
intents,2
interfaces,2
internationalization,2
interop,2
ios7,2
java-ee,2
jersey,2
kinect,2
kotlin,2
layouts,2
lean,2
lightning,2
lightswitch,2
linkedin,2
lync-server-2013,2
mac,2
managing-and-leading,2
memory-management,2
mentorsource,2
meteor.js,2
microsoft-test-manager,2
ms-project,2
mvc4,2
mvc5,2
mvc-testing,2
mvvm,2
nancy,2
nservicebus,2
n-tier-design,2
office-apps,2
operating-systems-and-stacks,2
orchard,2
paas,2
performance-monitoring,2
phonegap,2
physical-security,2
plastic-parts,2
powerpivot,2
powershell,2
practices,2
preprocessor,2
presentations,2
problem-solving,2
productivity-apps-and-client-os,2
qt-quick,2
raspberry-pi,2
ravendb,2
redux,2
regular-expressions,2
r-framework,2
risk-mitigation,2
scratch,2
security-compliance,2
security-fundamentals,2
selenium,2
serialization,2
servicestack,2
servlets,2
sheet-metal,2
sitefinity,2
source-control,2
speech-recognition,2
spring-mvc,2
sqlite,2
structural-engineering,2
task-parallel-library,2
telerik-controls,2
tfs-2013,2
threat-control,2
twitter,2
type-providers,2
umbraco,2
unified-messaging,2
universal-app-development,2
validation,2
views,2
visual-studio-code,2
vscode,2
webapi,2
webforms,2
webmatrix,2
web-services,2
wif,2
windows-7-development,2
windows-debugging,2
windows-forms,2
wireless-networking,2
xunit,2
.net-compiler-platform,1
.net-distributed-systems,1
3dmodeling,1
3d-sketching,1
access-controls,1
active-directory,1
ada-2012,1
adobe,1
alexa-sdk,1
angular-4,1
ant,1
apache-cordova,1
apache-solr,1
api-testing,1
appcelerator-titanium,1
appfabric,1
app-inventor,1
applied-best-practice,1
arduino,1
asp.net-5,1
asp.net-mvc5,1
aspectj,1
aspose.words,1
atl,1
aws-databases,1
azure-acs,1
azure-ad,1
azure-caching-service,1
azure-deployment,1
azure-documentdb,1
azure-marketplace,1
azure-mobile-services,1
baas,1
backgroundworker,1
bean-validation,1
behavioral,1
bitcoin,1
boost,1
bots,1
bower,1
brightstardb,1
browserify,1
business-catalyst,1
CAD,1
cad-file-translation,1
callbacks,1
camel,1
camera,1
canon,1
capistrano,1
career-management,1
cassandra,1
cdi,1
character-effects,1
character-rigging,1
chrome-extensions,1
cinder,1
clickonce,1
Cloud-computing,1
cloud-foundry,1
cloud-fundamentals,1
cobol,1
cocoapods,1
code-contracts,1
codedui,1
code-first-migrations,1
code-reviews,1
coderush-refactor,1
code-verification,1
coding-dojo,1
cold-fusion,1
comics,1
command-line,1
communications-skills,1
commvault,1
comptia-project+,1
concurrent-collections,1
console-applications,1
context-menus,1
couchdb,1
creational,1
cross-browser-compatibility,1
crystal-reports,1
cuda,1
d,1
data-access-libraries,1
data-binding,1
data-protection,1
data-validation,1
dbcontext,1
delve,1
developer,1
developer-testing-tools,1
directcomposition,1
distributed-systems-patterns,1
distributed-version-control,1
dlang,1
drafting,1
dreamweaver,1
drush,1
dslr,1
elasticsearch,1
electrical,1
elm,1
emacs,1
ember,1
ember-cli,1
emmet,1
enterprise-library,1
enterpriseone,1
enterprise-resource-planning,1
enterprise-service-bus,1
entities-sql,1
entity-data-model-creation,1
entity-data-model-mapping,1
estimation,1
etl,1
event-tracing-windows,1
exception-handling,1
exchange-server,1
express,1
expression-engine,1
extensible-software,1
extension-methods,1
external-integration,1
extjs,1
fake,1
fakeiteasy,1
featuretoggle,1
fiddler,1
filestream,1
finacial-modeling,1
fitnesse,1
flash,1
flow-simulation,1
foundation,1
fragments,1
frameworks,1
frontend-web-development,1
game-animation,1
gherkin,1
glimpse,1
google+,1
google-analytics,1
google-big-query,1
google-cloud,1
google-compute,1
google-maps,1
googleplus,1
grails,1
graph-databases,1
groovy,1
gulp,1
haml,1
handlebars,1
hapi,1
hibernate,1
home-automation,1
ibeacons,1
ice-cream-sandwich,1
icenium,1
ide,1
incident-management,1
indesign,1
industrial-design,1
integration,1
internet-of-things,1
interviewing,1
inversion-of-control,1
io.js,1
ios8,1
isomorphic-app,1
itil,1
jasmine,1
java-data-processing,1
javafx,1
java-microservices,1
java-server-pages,1
jdbc,1
jekyll,1
jenkins,1
jetbrains,1
jigsaw,1
joomla,1
jsrender,1
junit,1
justmock,1
kendo,1
koa,1
kodu,1
leap-motion,1
lens,1
less,1
libgdx,1
licensing,1
linq-to-entities,1
localization,1
location-services,1
logparser,1
lua,1
lync,1
maintainable-code,1
malware-analysis,1
managed-extensibility-framework,1
marionette,1
markdown,1
marten,1
masstransit,1
math,1
matlab,1
matte-painting,1
maven,1
mdx,1
medical-design,1
mep,1
message-queues,1
metaprogramming,1
microsoft,1
microsoft-design-principles,1
microsoft-edge,1
microsoft-fakes,1
microsoft-project,1
migration,1
mold-tooling,1
mono,1
monogame,1
monotouch,1
moq,1
motion-simulation,1
msbuild,1
mse,1
mstest,1
multi-tenant,1
mvc2,1
mvc6,1
mvc4-ioc,1
mvc-html-helpers,1
mvc-scaffolding,1
nativescript,1
ncrunch,1
ndepend,1
netbeans,1
nhibernate,1
nikon,1
nop-commerce,1
nuget,1
nunit,1
oauth,1
occassionaly-connected-mobile-apps,1
offshore-development,1
onedrive,1
online-marketing,1
opencv,1
open-source,1
open-xml,1
operators,1
oracle-cloud,1
orleans,1
owin,1
page-layout,1
page-lifecycle,1
pair-programming,1
patterns,1
pci,1
phantomjs,1
phoenix,1
photorealistic-rendering,1
pig-latin,1
play,1
playframework,1
plumbing,1
polly,1
polyglot-programming,1
polymer,1
postcss,1
postsharp,1
pov-ray,1
power-bi,1
product-ownership,1
professional-communications,1
professional-methodologies,1
program-management,1
program-managemet,1
progressive-web-apps,1
project-server,1
prototype.js,1
psake,1
publisher,1
rapid-application-development,1
raygun,1
react,1
readable-code,1
real-time-communication,1
redis,1
reflection-programming,1
release-management,1
require-js,1
resharper,1
rethinkdb,1
rhino-mock,1
riak,1
routing,1
routing-switching,1
rust,1
rx,1
rxjava,1
scaling,1
scriptcs,1
security-engineering,1
self-marketing,1
sencha-touch,1
sentiment-analysis,1
seq,1
serilog,1
server,1
server-administration,1
site-layout,1
skype-for-business,1
sms,1
social-engineering,1
software-abstractions,1
software-maintenance,1
solid,1
solid-principles,1
sound,1
spark,1
specsfor,1
speech-synthesis,1
sphero-programming,1
spritekit,1
ssdt,1
ssms,1
ssrs,1
star-schema,1
startup,1
state-machines,1
stored-procedures,1
stripe,1
struts,1
stylus,1
sublime,1
subversion,1
sugar-crm,1
svn,1
sweet.js,1
switching,1
system-drawing-libraries,1
system-programming,1
tableau,1
tcpip,1
teamcity,1
team-city,1
Team-Foundation-Server,1
technical-debt,1
telerik-reporting,1
terminal,1
teststack,1
teststudio,1
tfs-2015,1
thermal-simulation,1
threading,1
threat-intelligence,1
threats-and-threat-intelligence,1
togaf,1
tools,1
topshelf,1
tracing,1
transactions,1
travel,1
triggers,1
t-splines,1
twilio,1
ui-testing,1
underscore.js,1
underscoredotjs,1
unity,1
vagrant,1
video,1
vim,1
virtual-reality-video,1
visual-c++,1
visual-programming,1
visual-studio-2010-performance-testing,1
visual-studio-database-project,1
visual-studio-data-tools,1
vr-video,1
vue.js,1
webapi-ui,1
web-compression-optimization,1
web-development,1
webforms-mobile,1
webgl,1
web-optimization-library,1
webpagetest,1
web-server-administration,1
websockets,1
websphere,1
webstorm,1
wijmo,1
windows-8,1
windows-app-studio,1
windows-server,1
windows-services,1
winjs,1
wireless-network-penetration-testing,1
wix-installer,1
woodwork,1
xml-reporting,1
xna,1
xquery,1
xss,1
yammer,1
